<?xml version="1.0" ?>
<LOG_ROOT>
	<PROJECT NAME="clock_qsim">
		<CBX_INST_ENTRY INSTANCE_NAME="|clock|segcode:u5|lpm_mux:Mux4" CBX_FILE_NAME="mux_src.tdf"/>
		<CBX_INST_ENTRY INSTANCE_NAME="|clock|segscan:u4|lpm_mux:Mux3" CBX_FILE_NAME="mux_cqc.tdf"/>
		<CBX_INST_ENTRY INSTANCE_NAME="|clock|segcode:u5|lpm_mux:Mux1" CBX_FILE_NAME="mux_src.tdf"/>
		<CBX_INST_ENTRY INSTANCE_NAME="|clock|segcode:u5|lpm_mux:Mux5" CBX_FILE_NAME="mux_src.tdf"/>
		<CBX_INST_ENTRY INSTANCE_NAME="|clock|segscan:u4|lpm_mux:Mux0" CBX_FILE_NAME="mux_cqc.tdf"/>
		<CBX_INST_ENTRY INSTANCE_NAME="|clock|segscan:u4|lpm_mux:Mux4" CBX_FILE_NAME="mux_cqc.tdf"/>
		<CBX_INST_ENTRY INSTANCE_NAME="|clock|segscan:u4|lpm_mux:Mux8" CBX_FILE_NAME="mux_cqc.tdf"/>
		<CBX_INST_ENTRY INSTANCE_NAME="|clock|segcode:u5|lpm_mux:Mux2" CBX_FILE_NAME="mux_src.tdf"/>
		<CBX_INST_ENTRY INSTANCE_NAME="|clock|segcode:u5|lpm_mux:Mux6" CBX_FILE_NAME="mux_src.tdf"/>
		<CBX_INST_ENTRY INSTANCE_NAME="|clock|segscan:u4|lpm_mux:Mux1" CBX_FILE_NAME="mux_cqc.tdf"/>
		<CBX_INST_ENTRY INSTANCE_NAME="|clock|segscan:u4|lpm_mux:Mux10" CBX_FILE_NAME="mux_cqc.tdf"/>
		<CBX_INST_ENTRY INSTANCE_NAME="|clock|segscan:u4|lpm_mux:Mux5" CBX_FILE_NAME="mux_cqc.tdf"/>
		<CBX_INST_ENTRY INSTANCE_NAME="|clock|segscan:u4|lpm_mux:Mux9" CBX_FILE_NAME="mux_cqc.tdf"/>
		<CBX_INST_ENTRY INSTANCE_NAME="|clock|segcode:u5|lpm_mux:Mux3" CBX_FILE_NAME="mux_src.tdf"/>
		<CBX_INST_ENTRY INSTANCE_NAME="|clock|segscan:u4|lpm_mux:Mux2" CBX_FILE_NAME="mux_cqc.tdf"/>
		<CBX_INST_ENTRY INSTANCE_NAME="|clock|segscan:u4|lpm_mux:Mux6" CBX_FILE_NAME="mux_cqc.tdf"/>
		<CBX_INST_ENTRY INSTANCE_NAME="|clock|segcode:u5|lpm_mux:Mux0" CBX_FILE_NAME="mux_src.tdf"/>
		<CBX_INST_ENTRY INSTANCE_NAME="|clock|segscan:u4|lpm_mux:Mux7" CBX_FILE_NAME="mux_cqc.tdf"/>
	</PROJECT>
</LOG_ROOT>
